Topic,Count,Name,Representation,Representative_Docs
-1,3068,-1_já_cabeça_aqui_tudo,"['já', 'cabeça', 'aqui', 'tudo', 'mim', 'mais', 'nada', 'mas', 'bem', 'ninguém']","['Você me faz tão bem', 'E tudo o que você está causando em mim', 'Só me deixou o eco e mais nada']"
0,722,0_amor_amo_amar_ama,"['amor', 'amo', 'amar', 'ama', 'amando', 'nosso', 'amores', 'adorar', 'romântico', 'apaixonado']","['Amor', 'Não foi amor', 'Que conheceram o amor']"
1,224,1_aguento_nem_sai_esconder,"['aguento', 'nem', 'sai', 'esconder', 'consigo', 'atender', 'pergunte', 'fingir', 'ligo', 'assim']","['Eu não aguento mais', 'Eu não aguento mais', 'E eu não aguento mais, eu não aguento mais']"
2,214,2_dela_maluca_grau_fazendeiro,"['dela', 'maluca', 'grau', 'fazendeiro', 'culpa', 'mulher', 'levei', 'amarra', 'golpe', 'cowboy']","['Pelo jeito, ela tá querendo quem?(Fazendeiro)Ela se amarra num cowboy porque playboy não tem dinheiro(Fazendeiro)Ela quer minha pegada bruta com aroma de paieiro(Fazendeiro)Ela se amarra num cowboy porque playboy não tem dinheiro(Fazendeiro)Ela quer minha pegada bruta com aroma de paieiro', 'A tara dela era só fazer', 'A culpa é dela']"
3,200,3_beijo_beijar_beija_beijos,"['beijo', 'beijar', 'beija', 'beijos', 'beijando', 'beijou', 'boca', 'beijei', 'gosto', 'dava']","['E um beijo', 'Que administra beijo', 'Todo beijo é normalzin']"
4,180,4_chorar_choro_chorei_chora,"['chorar', 'choro', 'chorei', 'chora', 'lágrimas', 'triste', 'chorou', 'gritando', 'rolou', 'piscina']","['Por me ver chorar', 'Quando for chorar, eu choro com você', 'Se é pra chorar eu choro']"
5,165,5_coração_meu_cuidado_seu,"['coração', 'meu', 'cuidado', 'seu', 'dona', 'mãos', 'entregar', 'gritou', 'dama', 'suas']","['E do coração', 'De coração pra coração', 'Do coração']"
6,148,6_vida_viver_viva_minha,"['vida', 'viver', 'viva', 'minha', 'inteira', 'vivo', 'daria', 'vivendo', 'morro', 'dessa']","['Ô, vida', 'Vida', 'Que preenche a vida']"
7,131,7_saudade_sentir_arrepender_falta,"['saudade', 'sentir', 'arrepender', 'falta', 'louca', 'sinto', 'morrendo', 'saudades', 'bateu', 'negaria']","['Sem saudade de você', 'Ô, saudade', 'S de saudade']"
8,129,8_tempo_hora_minuto_passado,"['tempo', 'hora', 'minuto', 'passado', 'passou', 'relógio', 'idade', 'passar', 'horas', 'tarde']","['É perda de tempo, é perda de tempo', 'O tempo não curou', 'O tempo voa']"
9,120,9_bebida_beber_cerveja_copo,"['bebida', 'beber', 'cerveja', 'copo', 'bebendo', 'vinho', 'bebe', 'bebi', 'açúcar', 'mesa']","['Eu vou bebendo por beber', 'A bebida não volta pro copo', 'Do copo de cerveja, com delicadeza']"
10,109,10_deus_fé_livre_céu,"['deus', 'fé', 'livre', 'céu', 'chamas', 'pastor', 'pintou', 'bateu', 'monte', 'fraca']","['Deus', 'Deus quer?', 'Deus']"
11,102,11_dormir_acordar_sono_madrugada,"['dormir', 'acordar', 'sono', 'madrugada', 'manhã', 'acordei', 'tarde', 'amanhecer', 'esperando', 'dorme']","['E às 9 da manhã, quando você acordar', 'A dormir com os dois travesseiros', 'De acordar de madrugada pra fazer de novo']"
12,93,12_voltar_volta_tamo_volto,"['voltar', 'volta', 'tamo', 'volto', 'traz', 'novo', 'atrás', 'maloqueiro', 'quiser', 'novamente']","['E eu implorei pra voltar', 'Eu implorei pra voltar', 'E eu implorei pra você voltar']"
13,88,13_adianta_boiadeiro_morde_patricinha,"['adianta', 'boiadeiro', 'morde', 'patricinha', 'estragar', 'encarar', 'esconde', 'cão', 'feio', 'usar']","['Que a patricinha não quer o boiadeiro', 'Que a patricinha não quer boiadeiro', 'Nem adianta disfarçar, isso não vai mudar']"
14,77,14_chapelão_brenno_campo_cigano,"['chapelão', 'brenno', 'campo', 'cigano', 'cuiabá', 'carmelita', 'capacitei', 'bruno', 'renovei', 'folgado']","['Chapelão', 'Chapelão)', 'Chapelão(É a']"
15,75,15_sei_conhece_conheço_saber,"['sei', 'conhece', 'conheço', 'saber', 'sabe', 'soube', 'muito', 'bem', 'entende', 'acontecer']","['Eu sei, eu sei', 'Sei que você disse:', 'É, você já sabe, me conhece muito bem']"
16,73,16_esquecer_esqueci_esqueceu_esquece,"['esquecer', 'esqueci', 'esqueceu', 'esquece', 'esqueça', 'capaz', 'esqueço', 'desisti', 'precisando', 'for']","['De me esquecer', 'De me esquecer', 'Pra esquecer']"
17,71,17_sorriso_sorrindo_sorrir_teu,"['sorriso', 'sorrindo', 'sorrir', 'teu', 'sorri', 'orelha', 'esse', 'toa', 'neve', 'sumindo']","['Mas esse sorriso aí eu nunca vi', 'Esse sorriso teu', 'Disparei o meu sorriso que não te atingiu']"
18,70,18_defeitos_errado_erro_erros,"['defeitos', 'errado', 'erro', 'erros', 'errada', 'meus', 'coragem', 'cheio', 'todos', 'acerto']","['Você sabe os meu defeitos', 'Inventando possíveis defeitos', 'Tem os meus defeitos']"
19,69,19_boca_bocas_dose_sua,"['boca', 'bocas', 'dose', 'sua', 'beijinho', 'gosto', 'mel', 'minha', 'cinco', 'errada']","['A sua boca me explorando com movimentos sutis', 'Só boca a boca', 'Minha boca, sua boca, sem sussurrar']"
20,68,20_olhos_olho_olhar_seus,"['olhos', 'olho', 'olhar', 'seus', 'meus', 'cegou', 'olhares', 'dom', 'sobrevivo', 'par']","['Até de olhos fechados', 'Eu fecho os meus olhos', 'Eu fecho os olhos']"
21,68,21_embora_pegou_sido_lentamente,"['embora', 'pegou', 'sido', 'lentamente', 'moral', 'sumiu', 'acontecer', 'teus', 'então', 'beijos']","['Os teus beijos lentamente', 'Os teus beijos lentamente', 'Cê foi embora, então desaparece']"
22,66,22_roupa_vestido_camisa_tirando,"['roupa', 'vestido', 'camisa', 'tirando', 'corpo', 'roupas', 'tirar', 'usando', 'tira', 'pede']","['O que é que tem a gente se beijar sem roupa?', 'Lisa, tira a minha roupa', 'Cê já tá sem roupa por cima de mim']"
23,66,23_indo_chegar_chegando_cá,"['indo', 'chegar', 'chegando', 'cá', 'vem', 'tocar', 'acudir', 'costume', 'venha', 'aqui']","['Vem cá', 'Até que cê tá indo bem', 'Até que cê tá indo bem']"
24,64,24_lembrar_memória_lembranças_lembra,"['lembrar', 'memória', 'lembranças', 'lembra', 'lembre', 'lembro', 'lembrança', 'lembrei', 'tomo', 'guardo']","['Quando eu me lembrar', 'Mas eu só quero lembrar', 'Aí cê vai lembrar']"
25,63,25_canta_música_balada_cantar,"['canta', 'música', 'balada', 'cantar', 'canção', 'cantando', 'voz', 'canto', 'cantada', 'envio']","['Eu vendi um canário que canta e um que não canta eu vendi muito bem', 'Uma música', 'Uma música']"
26,63,26_quiser_ti_única_colocar,"['quiser', 'ti', 'única', 'colocar', 'chance', 'ganhar', 'lado', 'consiga', 'depende', 'informação']","['Se você quiser', 'É sua única chance', 'E a sua única chance vai ser']"
27,59,27_louco_fiz_culpa_mal,"['louco', 'fiz', 'culpa', 'mal', 'cigarro', 'pisa', 'deixando', 'amigos', 'feito', 'loucura']","['Agora estou vendo que o louco é você', 'Eu já tô ficando louco', 'Que mal te fiz eu?']"
28,58,28_casa_namora_apartamento_leva,"['casa', 'namora', 'apartamento', 'leva', 'amarela', 'endereço', 'frente', 'ou', 'quiser', 'descansar']","['O que eu já tinha em casa', 'School na minha casa', 'Casa não']"
29,58,29_feliz_felicidade_alegrar_pendurada,"['feliz', 'felicidade', 'alegrar', 'pendurada', 'felizes', 'momento', 'fingir', 'sentir', 'prazer', 'importante']","['No fundo, eu tô feliz por você tá feliz', 'HMas feliz não dá', 'Me vi tão feliz']"
30,57,30_cama_travesseiro_dormir_sexo,"['cama', 'travesseiro', 'dormir', 'sexo', 'acabando', 'deita', 'inesquecível', 'naquela', 'levantar', 'cima']","['Em qual cama?', 'Na cama, cê tem o poder', 'Da cama']"
31,57,31_pudesse_soubesse_fosse_fui,"['pudesse', 'soubesse', 'fosse', 'fui', 'superou', 'realmente', 'escolhido', 'namorado', 'disser', 'mente']","['Se eu pudesse tirava da sua mente essa vontade', 'Mas se você soubesse o que realmente me interessa', 'Se eu pudesse te apagar da minha mente']"
32,57,32_sonho_sonhar_pesadelo_sonha,"['sonho', 'sonhar', 'pesadelo', 'sonha', 'sonhou', 'meus', 'início', 'pedindo', 'comigo', 'fadas']","['O meu sonho é você', 'Meu sonho pra você sonhar', 'Um sonho pra sonhar']"
33,56,33_escolhi_sendo_frágil_cadê,"['escolhi', 'sendo', 'frágil', 'cadê', 'caiu', 'mostrei', 'namorando', 'entrando', 'superei', 'pequeno']","['Te escolhi', 'Te escolhi, mesmo sendo tão frágil, te escolhi', 'Escolhi, te escolhi, mesmo sendo tão frágil, te escolhi']"
34,54,34_doendo_doer_dói_dor,"['doendo', 'doer', 'dói', 'dor', 'machuca', 'curar', 'machucar', 'feridas', 'machucando', 'cura']","['Vai doer demais', 'Vai doer', 'Se essa dor doer em mim']"
35,54,35_nada_ninguém_valor_dinheiro,"['nada', 'ninguém', 'valor', 'dinheiro', 'precisa', 'paga', 'viu', 'imagina', 'valeu', 'nenhum']","['Não tem nada a ver', 'Cê não quer nada com nada', 'Nada, nada']"
36,53,36_noite_meia_noites_pássaro,"['noite', 'meia', 'noites', 'pássaro', 'caminhonete', 'toda', 'virar', 'tarde', 'rua', 'fria']","['Toda noite', 'De querer uma noite e mais nada', 'E a noite, enluarada']"
37,53,37_nome_ligando_chamar_ligar,"['nome', 'ligando', 'chamar', 'ligar', 'ligou', 'ligo', 'chamo', 'chama', 'sobrenome', 'noites']","['Alguém tava me ligando, era você', 'Seu nome é', 'Meu nome, seu nome']"
38,49,38_gente_briga_continua_enrola,"['gente', 'briga', 'continua', 'enrola', 'estamos', 'nós', 'além', 'galopada', 'divididos', 'despedindo']","['A gente pausa, volta e continua', 'Quem sabe um dia a gente continua, a gente continua', 'E a gente só briga, briga, briga, briga, briga']"
39,47,39_filho_bebê_filhos_menino,"['filho', 'bebê', 'filhos', 'menino', 'papai', 'nossos', 'cantando', 'vão', 'dizendo', 'usar']","['Filho,', 'Filho meu', 'Meu filho']"
40,46,40_sentimento_senti_sentindo_sensação,"['sentimento', 'senti', 'sentindo', 'sensação', 'sinto', 'sente', 'alívio', 'possível', 'sentia', 'encontre']","['Mas de sentimento ainda não', 'E esse sentimento pendente', 'Sentimento não se desfez']"
41,42,41_cidade_rua_ruas_parado,"['cidade', 'rua', 'ruas', 'parado', 'trânsito', 'pela', 'nessa', 'meio', 'mesma', 'grande']","['Eu já borrei batons pela cidade', 'Brown pela cidade', 'Eu rodei pela cidade']"
42,41,42_uôô_apaga_uoh_avião,"['uôô', 'apaga', 'uoh', 'avião', 'infiel', 'parou', '', '', '', '']","['Uoh uoh oh oh', 'Apaga, apaga, apaga', 'Uôô, uôô']"
43,41,43_mente_mentira_enganar_mentir,"['mente', 'mentira', 'enganar', 'mentir', 'tão', 'mentiu', 'mentiroso', 'traído', 'falso', 'falsos']","['De um cara que mente', 'Você mente, você mente', 'Você mente tão bem']"
44,40,44_medo_cerca_assustando_coitado,"['medo', 'cerca', 'assustando', 'coitado', 'insegura', 'experimenta', 'temor', 'trauma', 'aumenta', 'desejo']","['O medo de falar', 'Do que cê tá com medo?', 'O medo aguça a atração']"
45,39,45_avisei_avisar_digo_responder,"['avisei', 'avisar', 'digo', 'responder', 'coisa', 'devo', 'irá', 'ensinar', 'contar', 'vim']","['Te avisei que eu ia lá', 'Eu te avisei', 'Te avisei:']"
46,39,46_amanhã_feira_sexta_semana,"['amanhã', 'feira', 'sexta', 'semana', 'segunda', 'ontem', 'aniversário', 'domingo', 'gastei', 'futebol']","['E amanhã só', 'Amanhã cê descarta', 'Amanhã']"
47,39,47_mundo_fiel_girou_desse,"['mundo', 'fiel', 'girou', 'desse', 'existe', 'nesse', 'dono', 'presta', 'imagino', 'nove']","['Na volta desse mundo', 'Eu juntei meu mundo, mundo, mundo com o seu', 'Que vocês viajem o mundo']"
48,39,48_final_fim_ponto_acabou,"['final', 'fim', 'ponto', 'acabou', 'terminar', 'terminou', 'farsa', 'deserto', 'completa', 'marcar']","['Que às vezes um ponto final faz bem', 'Marcamos o ponto final', 'Um ponto final']"
49,39,49_dois_nois_duas_outro,"['dois', 'nois', 'duas', 'outro', 'letras', 'nós', 'enganados', 'excesso', 'existem', 'ficada']","['Se juntin nois dois morasse', 'Se juntin nois dois drumisse', 'Se juntin nois dois vivesse']"
50,39,50_quis_queria_nunca_pensava,"['quis', 'queria', 'nunca', 'pensava', 'jamais', 'cuidei', 'deixava', 'convenceu', 'enviar', 'ido']","['Logo eu que nem pensava', 'Eu quis demais, você não quis', 'Você jamais me perguntou de onde venho e pra onde vou']"
51,38,51_merecer_pegando_perco_usar,"['merecer', 'pegando', 'perco', 'usar', 'gesto', 'exaltar', 'insisto', 'macetar', 'apresentar', 'capacito']","['Sou simples demais pra merecer você, eu sei', 'Enquanto eu merecer será você', 'Enquanto eu merecer, será você']"
52,38,52_ano_mês_dias_trinta,"['ano', 'mês', 'dias', 'trinta', 'três', 'janeiro', 'uns', 'anos', 'inteiro', 'sete']","['Faz mais de um mês', 'Dizer que já faz mais de um ano', 'Dizer que já tem mais de um ano']"
53,38,53_largar_livro_terminei_deixo,"['largar', 'livro', 'terminei', 'deixo', 'nisso', 'deixei', 'ler', 'fugir', 'embora', 'pediu']","['Eu vou me achar e te largar?', 'Falando nisso, terminei o livro que você pediu pra eu ler', 'Ah, falando nisso, terminei o livro que você pediu pra eu ler']"
54,37,54_still_ainda_one_re,"['still', 'ainda', 'one', 're', 'you', 'the', 'preferiu', 'prefiro', 'aqui', 'comigo']","[""You're still the one that"", ""Oh, oh, you're still the one"", ""You're still the one""]"
55,36,55_flor_roça_flores_love,"['flor', 'roça', 'flores', 'love', 'beija', 'jardim', 'verde', 'quinhentos', 'rosa', 'buquê']","['Vai lá, entregador de flor', 'Flor de plástico', 'De uma flor e um beija-flor']"
56,36,56_pensamento_pense_realidade_pensar,"['pensamento', 'pense', 'realidade', 'pensar', 'imaginar', 'pensamentos', 'penso', 'pensou', 'pedacinho', 'imaginação']","['Hoje o pensamento não é mais o mesmo', 'E no pensamento está', 'Que domine o pensamento']"
57,36,57_ouvir_voz_ouvi_ouço,"['ouvir', 'voz', 'ouvi', 'ouço', 'ouvindo', 'ouvido', 'alto', 'isso', 'reconheço', 'gostam']","['Se quer me ouvir, vou te dizer', 'Eu quero te ouvir', 'Quero ouvir a sua voz']"
58,36,58_nunca_jamais_voltar_passar,"['nunca', 'jamais', 'voltar', 'passar', 'juro', 'volto', 'mais', 'recaída', 'subir', 'serão']","['Cê nunca vai ver', 'Ele nunca vai ser eu', 'Que nunca vai ser nunca']"
59,36,59_água_mar_beira_maquiagem,"['água', 'mar', 'beira', 'maquiagem', 'praia', 'prova', 'tirou', 'ao', 'pedir', 'levar']","['Quem me deixou no mar', 'O mar e ela', 'Pezin na água']"
60,35,60_gente_nós_moral_volta,"['gente', 'nós', 'moral', 'volta', 'aprontou', 'iam', 'prever', 'encontrar', 'nosso', 'junto']","['Cê sabe que a gente não tem moral', 'Cê sabe que a gente não tem moral', 'Não, hoje a gente não volta(Hoje não)(E aí, gente?']"
61,35,61_olhar_olha_morando_olhe,"['olhar', 'olha', 'morando', 'olhe', 'aqui', 'alvo', 'feia', 'leu', 'olhando', 'mundão']","['E aqui no meu olhar, aqui no meu olhar', 'E aqui no meu olhar, e aqui no meu olhar morando', 'Olha bem no meu olhar']"
62,35,62_baixo_arrastar_botei_guardanapo,"['baixo', 'arrastar', 'botei', 'guardanapo', 'edredom', 'coloquei', 'onda', 'parava', 'recebi', 'farol']","['Mas eu tô por baixo', 'Botei a saudade no brete, fiz tudo do jeito que faz peão duro', 'É me arrastar pra baixo do meu edredom']"
63,35,63_foto_fotos_all_nossas,"['foto', 'fotos', 'all', 'nossas', 'have', 'black', 'fã', 'in', 'everything', 'olhei']","['Já que arquivou nossas fotos', 'Tô nessa foto que você tá vendo', 'Minhas fotos que você curtiu']"
64,35,64_seguir_continuar_será_decidir,"['seguir', 'continuar', 'será', 'decidir', 'simplesmente', 'algumas', 'indo', 'também', 'll', 'uôô']","['Vou ter que seguir em frente', 'Mas vou seguir', 'Já que você decidiu seguir, também vou decidir algumas coisas por aqui']"
65,34,65_sozinho_solteiro_sós_estamos,"['sozinho', 'solteiro', 'sós', 'estamos', 'fiquei', 'sozinha', 'cansei', 'aproveitando', 'solteira', 'estão']","['Eu sozinho aqui', 'Eu sozinho e você só', 'O sozinho acompanhado']"
66,34,66_mão_mãos_dedo_braços,"['mão', 'mãos', 'dedo', 'braços', 'sentiu', 'minhas', 'adorar', 'deixei', 'suas', 'suando']","['A minha mão suou', 'A minha mão gela', 'Na minha mão']"
67,33,67_mãe_pai_pais_perguntar,"['mãe', 'pai', 'pais', 'perguntar', 'mamãe', 'obreiro', 'falcão', 'levei', 'conhecer', 'acreditaria']","['Falcão)(Se sua mãe perguntar, cê fala que tá com o', 'Se sua mãe perguntar, cê fala que tá com o', ""Mas os fela' da mãe tem talento""]"
68,32,68_descendo_gado_cowboy_fazenda,"['descendo', 'gado', 'cowboy', 'fazenda', 'cowgirl', 'gemeu', 'cavaco', 'ovelhas', 'vuou', 'madeira']","['Toco meu berrante apartando o gado', 'Pelo campo, o gado urra como quem por ele chama', 'Os cowboy vai litorando e vai torar você(Vai descendo, vai descendo, vai descendo)(Vai descendo, vai descendo, vai descendo)(Vai descendo, vai descendo, vai descendo)(É']"
69,32,69_quê_razão_motivo_estás,"['quê', 'razão', 'motivo', 'estás', 'explicar', 'procuro', 'brigou', 'vários', 'culpada', 'rolo']","['Pra quê?', 'Sabe por quê?', 'Sabe por quê?']"
70,31,70_tomara_dê_saia_foda,"['tomara', 'dê', 'saia', 'foda', 'bagaça', 'atrasado', 'mau', 'calado', 'engole', 'lixo']","['Tomara que seja infarto', 'Tomara que saia e dê tudo errado', 'Tomara que saia, dê tudo errado']"
71,30,71_casar_filhos_interior_respeitar,"['casar', 'filhos', 'interior', 'respeitar', 'juramos', 'suporte', 'recebi', 'casais', 'ame', 'este']","['Com outra vai casar', 'Vontade de casar, ter filhos pra gente cuidar', 'Casar, ter filhos']"
72,30,72_língua_sumo_doido_aô,"['língua', 'sumo', 'doido', 'aô', 'xamã', 'caralho', 'folgado', 'embaixador', 'viciei', 'mendes']","['Embaixador agora tá em todas as língua, rapaz', 'Ai, essa língua passando em mim', 'Em qual língua?']"
73,30,73_comer_gostoso_jantar_comida,"['comer', 'gostoso', 'jantar', 'comida', 'sobremesa', 'cu', 'cortar', 'alimento', 'ofereceu', 'come']","['É que filme assistir, o que a gente vai comer', 'E eu doido para comer', 'Vai procurar alguma coisa leve pra comer']"
74,29,74_porta_portão_abre_abrir,"['porta', 'portão', 'abre', 'abrir', 'barulho', 'janela', 'bate', 'bateu', 'baixar', 'fechei']","['Tô aqui no portão', 'Eu tranquei a porta', 'A porta encostada, a']"
75,29,75_durmo_continua_sonhar_voar,"['durmo', 'continua', 'sonhar', 'voar', 'vivo', 'vivi', 'ruim', 'falta', 'viver', 'confesso']","['Sem você, a vida não continua', 'Eu, sem você, já não durmo, nem sei voar', 'Eu, sem você, já não durmo, nem sei voar(Sonhar) sonhar, viver, ê']"
76,29,76_celular_telefone_parede_tela,"['celular', 'telefone', 'parede', 'tela', 'esquentar', 'mudei', 'vontade', 'fria', 'memória', 'pegou']","['Na memória do meu celular', 'Olhando o celular', 'Ai que vontade de tacar meu celular na parede']"
77,29,77_entender_entendo_sentido_sei,"['entender', 'entendo', 'sentido', 'sei', 'consigo', 'irmão', 'consiga', 'desculpe', 'pude', 'entendendo']","['Você precisa entender, é que eu não sei dizer', 'Eu não consigo entender você', 'Até agora não consigo entender']"
78,29,78_perder_perdi_perdido_perdeu,"['perder', 'perdi', 'perdido', 'perdeu', 'aula', 'azar', 'perdendo', 'seria', 'doido', 'tive']","['É alguém que sabe que eu te perdi', 'Mas eu me perdi', 'Te perder']"
79,29,79_assim_suficiente_resposta_mesmo,"['assim', 'suficiente', 'resposta', 'mesmo', 'inventar', 'suíte', 'simples', 'soprar', 'isso', 'quase']","['E mesmo assim', 'Mas mesmo assim', 'Mas mesmo assim']"
80,28,80_esquecer_ie_esquece_esqueço,"['esquecer', 'ie', 'esquece', 'esqueço', 'esqueci', 'consegue', 'lembra', 'admite', 'consegui', 'acabe']","['Você não vai me esquecer', 'Não vai me esquecer não', 'Eu não vou te esquecer']"
81,28,81_bar_barzinho_restaurante_mesa,"['bar', 'barzinho', 'restaurante', 'mesa', 'pelos', 'num', 'ligo', 'lotado', 'marcando', 'pirar']","['De novo, eu fechando esse bar', 'Num bar de currutela', 'Agora eu tô no bar do']"
82,28,82_longe_distância_distante_tão,"['longe', 'distância', 'distante', 'tão', 'ausente', 'portas', 'limite', 'sinais', '20', 'minutos']","['E ficaram de longe:', 'Ficar longe de você', 'E ficarão de longe']"
83,28,83_sempre_ganha_desabafar_5g,"['sempre', 'ganha', 'desabafar', '5g', 'estarei', 'foge', 'manha', 'online', 'preguiça', 'fã']","['Eu sempre pedirei a', 'É sempre corrido', 'Que sempre vinha assinado no cartão']"
84,28,84_queira_uoh_preciso_também,"['queira', 'uoh', 'preciso', 'também', 'companhia', 'sei', 'namorar', 'tu', 'comigo', 'mim']","['O que eu mais quero é que você me queira uoh oh', 'O que eu mais quero é que você me queira uoh', 'O que eu mais quero é que você me queira, me queira uoh']"
85,28,85_estrelas_lua_brilho_passa,"['estrelas', 'lua', 'brilho', 'passa', 'pedido', 'rosto', 'mar', 'ilha', 'refletindo', 'voo']","['O brilho desceu das estrelas e no meu olhar ficou até o fim', 'Nem o brilho das estrelas', 'Carregado de estrelas']"
86,28,86_perfume_doce_cheiroso_identifica,"['perfume', 'doce', 'cheiroso', 'identifica', 'preferir', 'tira', 'atrapalhar', 'enganou', 'manter', 'tanque']","['BTira meu perfume das perfumarias', 'Exagerei no perfume pra te impressionar', 'Perfume de sedução']"
87,27,87_falo_bebê_comigo_faço,"['falo', 'bebê', 'comigo', 'faço', 'conversar', 'contigo', 'gostosinho', 'personalidades', 'dó', 'chamava']","['Eu quem falo contigo (eu falo contigo)Volta a ser', 'Falo de mim', 'Eu quem falo por você']"
88,27,88_carro_som_toca_entrando,"['carro', 'som', 'toca', 'entrando', 'vidro', 'preto', 'andando', 'decidi', 'volante', 'xand']","['Onde você deixou seu carro', 'Quem já conquistou um carro', 'Deixa o carro na garagem']"
89,27,89_céu_why_terra_azul,"['céu', 'why', 'terra', 'azul', 'braços', 'the', 'seus', 'horizonte', 'dividindo', 'brilhando']","['Se o céu tá nublado', 'O céu é que nos diz', 'E o bucho do céu furasse']"
90,27,90_áudio_voz_mudo_som,"['áudio', 'voz', 'mudo', 'som', 'acelera', 'enviado', 'disfarçada', 'fraqueza', 'sucesso', 'manda']","['Com oi e um i e um áudio mudo', 'I e um áudio mudo', 'Eu tô gravando esse áudio']"
91,27,91_casal_combinado_juntos_lembrando,"['casal', 'combinado', 'juntos', 'lembrando', 'namorou', 'gente', 'há', 'junto', 'encontro', 'anos']","['Me amava sendo que mentia que a gente era um casal bonito', 'Lembrando que a gente namorou há três anos atrás', 'Lembrando quando a gente namorou há três anos atrás']"
92,26,92_entrar_embora_entra_joga,"['entrar', 'embora', 'entra', 'joga', 'lar', 'casa', 'favor', 'deu', 'fora', 'sai']","['Se não servir, cê joga fora, vai embora e diz que não deu', 'E cê não deixa entrar', 'Cê não deixa entrar']"
93,26,93_cheiro_sentindo_suor_sinto,"['cheiro', 'sentindo', 'suor', 'sinto', 'sentir', 'gostoso', 'cheirosa', 'misturado', 'nuca', 'gota']","['De cheiro em cheiro, de beijo em beijo', 'Ficou o meu cheiro', 'Foi com um cheiro']"
94,26,94_cabelo_corte_pintar_molhado,"['cabelo', 'corte', 'pintar', 'molhado', 'cortar', 'coloriu', 'pereira', 'body', 'secando', 'mina']","['Gosta de cabelo cacheado', 'Com esse cabelo na minha mão', 'O cabelo']"
95,25,95_esperando_esperar_espero_passe,"['esperando', 'esperar', 'espero', 'passe', 'movimento', 'próxima', 'esteja', 'ligue', 'partiu', 'calçada']","['Esperando por você', 'Tá esperando o que?', 'Te esperando']"
96,25,96_porrada_cartas_acaso_aos,"['porrada', 'cartas', 'acaso', 'aos', 'caso', 'recaída', 'besta', 'caminha', 'cerca', 'cobiçada']","['Porrada em porrada', 'Caso do acaso bem marcado em cartas de tarô', 'Caso do acaso bem marcado em cartas de tarô, oh-oh']"
97,25,97_rosto_pele_cara_palmo,"['rosto', 'pele', 'cara', 'palmo', 'nariz', 'vermelha', 'poeira', 'suando', 'trazendo', 'jogou']","['Enxugue esse rosto', 'Vai molhar seu rosto', 'Colei no seu rosto']"
98,24,98_desculpa_desculpar_desculpe_desculpas,"['desculpa', 'desculpar', 'desculpe', 'desculpas', 'maloqueiro', 'vir', 'interessante', 'perdoe', 'sinceridade', 'arrumar']","['Cê tá certo, me desculpa', 'Me desculpa essa voz rouca', 'Desculpa não ser esse cara']"
99,24,99_ouro_sete_prata_matou,"['ouro', 'sete', 'prata', 'matou', 'escondendo', 'seis', 'lua', 'vão', 'ás', 'clareia']","['Cordão de ouro', 'Sete ouro matou dois e três', 'Espadilha matou sete ouro']"
100,24,100_frio_barriga_gelada_gelo,"['frio', 'barriga', 'gelada', 'gelo', 'fria', 'neve', 'coberta', 'pertenceu', 'lençóis', 'primavera']","['Esse frio na barriga já me pertenceu', 'E sem você ficou mais frio o meu inverno', 'Deu frio na barriga']"
101,24,101_yo_soy_alguien_carne,"['yo', 'soy', 'alguien', 'carne', 'fraca', 'homem', 'ey', 'pregúntale', 'imperfeito', 'ay']","['Esse alguém soy yo, esse alguém soy yo', 'Ese alguien soy yo (soy yo), ese alguien soy yo (ey)Pregúntale a mi bebé si yo vivo en la calle', 'Ese alguien soy yo (ese alguien soy yo), ese alguien soy yo (ese alguien soy yo, ay)']"
102,24,102_amigos_amigo_amiga_amizade,"['amigos', 'amigo', 'amiga', 'amizade', 'bons', 'apenas', 'amigas', 'namorar', 'amizades', 'novos']","['Apenas bons amigos, namorar, casar, ter filhos', 'Apenas bons amigos, namorar', 'Mais um novo amigo pros amigos meus']"
103,24,103_sofrendo_sofrer_sofrimento_raro,"['sofrendo', 'sofrer', 'sofrimento', 'raro', 'sintomas', 'sofrido', 'aumentando', 'doente', 'apesar', 'sofre']","['Pra dizer que eu tô sofrendo', 'Pra dizer que estou sofrendo', 'Eu tô sofrendo']"
104,23,104_sabia_ensaiado_sapato_entendendo,"['sabia', 'ensaiado', 'sapato', 'entendendo', 'reparou', 'sido', 'parecia', 'percebeu', 'esperava', 'pensava']","['Era alguém parecido, seu sapato nem viu rua', 'Você era feliz e não, e não sabia', 'Você era feliz e não sabia']"
105,23,105_gente_escolhas_gasto_gosta,"['gente', 'escolhas', 'gasto', 'gosta', 'fio', 'negócio', 'podemos', 'temos', 'we', 'faz']","['Ah-ah-ah, pensa nos fio bonito que a gente vai dar', 'É a gente que faz', 'Aquele negócio, a gente faz em todo canto']"
106,23,106_abraço_abraça_alguns_forte,"['abraço', 'abraça', 'alguns', 'forte', 'presa', 'grife', 'invés', 'solto', 'corpos', 'levo']","['Só queria ter o seu abraço', 'Se eu ganhasse um abraço', 'Meu abraço, meu abraço apertado']"
107,23,107_infiel_culpa_valores_responsabilidade,"['infiel', 'culpa', 'valores', 'responsabilidade', 'assuma', 'contramão', 'provocar', 'disputa', 'consequências', 'trair']","['Assuma as consequências dessa traição', 'Motivos pra ser infiel', 'Cê tá sendo fiel pra um infiel']"
108,23,108_chuva_imaginando_arroz_clima,"['chuva', 'imaginando', 'arroz', 'clima', 'guarda', 'batia', 'implacável', 'levada', 'bão', 'molha']","['Já tava imaginando nós dois na chuva de arroz', 'Tô aqui na frente, imaginando chuva de arroz na gente!', 'Já tava imaginando nós na chuva de arroz']"
109,23,109_onde_aonde_amigo_teu,"['onde', 'aonde', 'amigo', 'teu', 'guardar', 'leão', 'flor', 'filho', 'anda', 'parar']","['Onde você está, eu estou, oh', 'Onde estará?', 'Onde cê tava?']"
110,22,110_paixão_rola_indefinido_caso,"['paixão', 'rola', 'indefinido', 'caso', 'falamos', 'prisioneiro', 'descobriu', 'cela', 'tona', 'encanto']","['Por ela carregava uma paixão', 'Mas a paixão', 'Mas a paixão']"
111,22,111_fogo_fumaça_gasolina_apaga,"['fogo', 'fumaça', 'gasolina', 'apaga', 'cinzeiro', 'brasa', 'apagou', 'cigarro', 'acende', 'orelha']","['Temporal apaga o fogo', 'Só que não apaga o fogo', 'Quem vai te queimar no meu fogo?']"
112,22,112_linda_beleza_sobrenome_bonita,"['linda', 'beleza', 'sobrenome', 'bonita', 'bonito', 'entra', 'tão', 'lindo', 'desarrumada', 'senhores']","['Cê entra com a beleza e eu com o sobrenome (vai!)Ah-ah-ah, pensa nos fio bonito que a gente vai dar', 'Pessoalmente é mais linda ainda', 'Atrasadinha, mas tava linda']"
113,22,113_pessoa_outra_outros_saiba,"['pessoa', 'outra', 'outros', 'saiba', 'personalidades', 'conheça', 'complicado', 'aposto', 'outro', 'várias']","['E por mais que eu saiba que cê tem outra pessoa', 'Já tem até outra pessoa', 'Que já tinha outra pessoa']"
114,22,114_luz_vela_apaga_acende,"['luz', 'vela', 'apaga', 'acende', 'show', 'jantar', 'faísca', 'desliga', 'nível', 'luar']","['E luz acende e luz apaga', 'Só a luz da', 'E abrigar sobre a luz']"
115,21,115_dez_paga_pago_paguei,"['dez', 'paga', 'pago', 'paguei', 'cobrar', 'dinheiro', 'pagar', 'rico', 'pagando', 'ganhe']","['Vai ter dia que você só vai tá dez por cento', 'Tomei logo umas dez, cê viu?', 'No brinco, eu paguei dez']"
116,21,116_mundo_tomou_tudo_todas,"['mundo', 'tomou', 'tudo', 'todas', 'sumindo', 'mudança', 'serão', 'cd', 'what', 'todos']","['Todo mundo (só queria que você soubesse)Todo mundo, todo mundo vê', 'Todo mundo', 'Todo mundo (que toda minha mudança é genuína)Todo mundo, todo mundo vê (genuinamente por você)Todo mundo, menos você']"
117,20,117_filme_cinema_filmes_edredom,"['filme', 'cinema', 'filmes', 'edredom', 'dane', 'entrada', 'põe', 'romance', 'assistir', 'combinado']","['De pipoca e filme todo fim de semana', 'Passa um filme na cabeça', 'Pra ver um filme lá em casa']"
118,20,118_perdoar_perdão_possa_ladrão,"['perdoar', 'perdão', 'possa', 'ladrão', 'perdoada', 'desculpar', 'escolho', 'perdoa', 'mereço', 'curar']","['Se eu te perdoar, como que eu me perdoo?', 'Cê vai me perdoar', 'Eu vou te perdoar']"
119,20,119_paz_guerra_terminando_profundo,"['paz', 'guerra', 'terminando', 'profundo', 'traga', 'sossego', 'perturbando', 'darei', 'novamente', 'desses']","['Quero a minha paz', 'A paz, o amor de', 'Paz e amor']"
120,20,120_conversar_conversa_falamos_acertar,"['conversar', 'conversa', 'falamos', 'acertar', 'forças', 'precisamos', 'juntando', 'árvore', 'vários', 'internet']","['Vamos conversar', 'E vamos conversar', 'Vamos conversar']"
121,20,121_muda_mudar_mudou_maneira,"['muda', 'mudar', 'mudou', 'maneira', 'depende', 'mudança', 'trocado', 'tal', 'valer', 'corre']","['Que muda de pessoa, igual muda de roupa', 'Que um sentimento muda tudo, muda o mundo', 'Muda demais']"
122,20,122_sol_nascer_brilhar_amanhecer,"['sol', 'nascer', 'brilhar', 'amanhecer', 'iluminar', 'ilumina', 'horizonte', 'amanheceu', 'can', 'olhou']","['Sol nascer', 'Sol nascer', 'Sol nascer']"
123,20,123_adeus_tchau_despedir_despedida,"['adeus', 'tchau', 'despedir', 'despedida', 'indo', 'bilhete', 'menina', 'encontrei', 'canção', 'explicar']","['Adeus,', 'Adeus', 'Eu que disse adeus']"
124,19,124_manda_tira_bota_cidade,"['manda', 'tira', 'bota', 'cidade', 'rodou', 'louco', 'nessa', 'quem', 'chapelão', 'vizinha']","['Girou, rodou, rodou', 'Tira e bota, bota e tira, tira e bota, tira', 'Chapelão(Quem manda, quem manda, quem manda, quem manda)(Quem manda nessa cidade, quem manda nessa cidade)(Quem manda nessa cidade)Hoje tem rodeio na cidade vizinha, vou lá']"
125,19,125_infiel_meu__,"['infiel', 'meu', '', '', '', '', '', '', '', '']","['Ô, ô', 'Ô meu', 'Iê-ê-ê, infiel']"
126,19,126_topa_anotou_mistério_como,"['topa', 'anotou', 'mistério', 'como', 'adiantou', 'resolve', 'sumir', 'hein', 'aconteceu', 'viu']","['E aí, cê topa?', 'Que mistério cê tem?', 'E resolve sumir?']"
127,19,127_pior_disfarça_modão_feia,"['pior', 'disfarça', 'modão', 'feia', 'parte', 'estrago', 'tocando', 'pôr', 'nasce', 'resto']","['E a pior parte vai ser minha por não resistir', 'Mas ainda não sei o que é pior', 'Bem pior que eu, você']"
128,18,128_mensagem_manda_preferida_postal,"['mensagem', 'manda', 'preferida', 'postal', 'receber', 'sinal', 'recado', 'caixa', 'mandando', 'ligação']","['Do nada, mensagem visualizada', 'Mas, respondendo sua mensagem', 'Você tá a uma mensagem']"
129,18,129_café_saiu_taça_jantar,"['café', 'saiu', 'taça', 'jantar', 'ilumina', 'levantou', 'besteira', 'comer', 'faça', 'moça']","['É que a gente só saiu pra jantar e ficou pro café', 'A gente saiu e ficou pro café', 'Café e amor']"
130,18,130_espelho_travesseiro_descer_teu,"['espelho', 'travesseiro', 'descer', 'teu', 'olhos', 'experimenta', 'olhando', 'foto', 'escrever', 'marca']","['Me olhando no espelho', 'Não me aceitaria olhando no espelho', 'Ah, se esse espelho mostrasse, você aqui']"
131,18,131_solidão_abraça_arde_pós,"['solidão', 'abraça', 'arde', 'pós', 'companheira', 'risca', 'traumático', 'término', 'sujeito', 'invade']","['A saudade e a solidão', 'Nas garras da solidão', 'E o que era solidão']"
132,18,132_ex_seja_puxado_compara,"['ex', 'seja', 'puxado', 'compara', 'virou', 'opção', 'conheci', 'sabem', 'tentou', 'pegando']","['Cê foi embora pra ser ex, seja ex', 'Que quando fala ex', 'Porque seu ex agora não quer ser mais ex']"
133,18,133_raiva_cega_auge_brava,"['raiva', 'cega', 'auge', 'brava', 'tristeza', 'hora', 'muita', 'morrendo', 'jogar', 'lado']","['Você com raiva, me atacando', 'Oh, raiva', 'Eu tenho raiva de você']"
134,18,134_provar_futebol_pensa_encontrou,"['provar', 'futebol', 'pensa', 'encontrou', 'avisa', 'viciei', 'trocou', 'fingiu', 'descobrir', 'merecer']","['Eu achei sem procurar, viciei só de provar', 'Mas tô aqui pra provar', 'Foi para te provar']"
135,17,135_sim_diga_realidade_acha,"['sim', 'diga', 'realidade', 'acha', 'sério', 'pois', 'causa', 'talvez', 'certeza', 'ou']","['Sim', 'Sim ou não?', 'Diga sim, diga sim, sim pra mim']"
136,17,136_perguntar_perguntando_pergunta_pedindo,"['perguntar', 'perguntando', 'pergunta', 'pedindo', 'perguntas', 'pergunto', 'garçom', 'monte', 'boba', 'pergunte']","['E se perguntar:', 'E te perguntar', 'Se alguém me perguntar:']"
137,16,137_acreditar_acho_acredito_sim,"['acreditar', 'acho', 'acredito', 'sim', 'penso', 'acreditando', 'acredita', 'motivos', 'fato', 'mil']","['Cê vai acreditar', 'E eu acho que sim', 'Eu acho que sim']"
138,16,138_ligar_chame_número_ligando,"['ligar', 'chame', 'número', 'ligando', 'pegar', 'nome', 'resisto', 'bio', 'nego', 'ligação']","['Não precisa ligar mais', 'Ainda não me chame de meu nego', 'Não tá na hora de me ligar']"
139,16,139_dia_chegou_certo_hoje,"['dia', 'chegou', 'certo', 'hoje', 'belo', 'cuiabá', 'esse', 'revirando', 'mete', 'chegar']","['É esse dia aí, justamente esse dia', 'Esse dia chegou, acabou de chegar', 'Que um dia eu iria esquecer, esse dia chegou, acabou de chegar']"
140,16,140_família_salvo_visito_juntar,"['família', 'salvo', 'visito', 'juntar', 'salvou', 'imaginar', 'pais', 'bonita', 'peço', 'futuro']","['Já que desonrei nossa família', 'A minha família', 'Família']"
141,16,141_pedi_falei_perguntava_respondo,"['pedi', 'falei', 'perguntava', 'respondo', 'sl', 'respondi', 'chamava', 'envio', 'doido', 'logo']","['Quando eu perguntava, me chamava de doido', 'Eu pedi pra', 'Quando eu pedi alguém pra']"
142,16,142_tanque_troquei_of_peão,"['tanque', 'troquei', 'of', 'peão', 'cheio', 'espuma', 'cobiçada', 'chamam', 'banheira', 'lençol']","['Troquei de lençol, troquei de colchão', 'De tanque cheio a bodona', 'SL)De tanque cheio a bodona']"
143,16,143_ciúme_ciúmes_nela_bate,"['ciúme', 'ciúmes', 'nela', 'bate', 'excesso', 'coloque', 'gaveta', 'guardo', 'lidar', 'amargo']","['Ciúme demais faz a gente sofrer', 'Com ciúme do que nunca foi meu', 'Não pode ter ciúme, não pode ter ciúme']"
144,16,144_quarto_sala_lugares_cabe,"['quarto', 'sala', 'lugares', 'cabe', 'apartamento', 'dois', 'grande', 'quadro', 'rádio', 'pijama']","['O quarto é grande, mas não cabe sentimento', 'O quarto é grande mas não cabe sentimento', 'Hora no quarto, hora na sala']"
145,15,145_sabendo_falho_fraco_mesmo,"['sabendo', 'falho', 'fraco', 'mesmo', 'imperfeito', 'fraqueza', 'incapaz', 'ultimamente', 'força', 'fraca']","['Mesmo sabendo que eu falho sou, porque me', 'Mesmo sabendo que, eu falho sou, porque me', 'Mesmo sabendo que, eu falho sou, porque me']"
146,15,146_mulher_segura_graça_acham,"['mulher', 'segura', 'graça', 'acham', 'senhora', 'mulheres', 'supera', 'gritar', 'tratar', 'sobrando']","['Mulher tem demais no mundo', 'Mulher', 'M de mulher, de mulher']"
147,15,147_chapéu_bota_cowgirl_usa,"['chapéu', 'bota', 'cowgirl', 'usa', 'couro', 'mel', 'pras', 'gostosin', 'normal', 'chanel']","['Que tem o mel(As cowgirl) que usa bota, fivela e chapéu', 'Não esqueçam de botar as esporas e o chapéu', 'Bota, fivela e chapéu']"
148,15,148_percebo_especial_mostra_vejo,"['percebo', 'especial', 'mostra', 'vejo', 'enxerga', 'veja', 'posso', 'that', 'all', 'toque']","['Eu vejo um toque especial', 'E é aí que eu percebo', 'É aí que eu percebo']"
149,15,149_pensando_pensava_acordo_penso,"['pensando', 'pensava', 'acordo', 'penso', 'resisto', 'dias', 'pensar', 'pensa', 'sessenta', 'vivia']","['Passei o dia todo pensando em você, ê, ê', 'Trinta dias que eu acordo pensando em você', 'Tem dias que eu acordo pensando em você']"
150,15,150_azar_varanda_maria_tenta,"['azar', 'varanda', 'maria', 'tenta', 'dele', 'minha', 'passado', 'meu', 'favor', 'minhas']","['Tem uma varanda que é minha e que é sua', 'Mas sei que o azar é meu', 'Que azar o meu']"
151,15,151_decisão_escolha_planos_escolheu,"['decisão', 'escolha', 'planos', 'escolheu', 'senhor', 'maiores', 'escolhas', 'ação', 'escolho', 'romance']","['Que essa decisão que você tomou você pensou bem', 'Você que vai tomar a decisão', 'É uma decisão']"
152,15,152_anjo_humano_risada_suave,"['anjo', 'humano', 'risada', 'suave', 'ou', 'fui', 'cantar', 'pensei', 'vão', 'ti']","['Não sei, se é ser humano ou se é um anjo', 'Porque eu sou seu anjo', 'Tem a pureza de um anjo querubim']"
153,15,153_chão_espalhou_pareço_coloque,"['chão', 'espalhou', 'pareço', 'coloque', 'pedacinho', 'quica', 'pé', 'roupas', 'sapato', 'caindo']","['E vi suas coisas jogadas no chão', 'Brotando no chão', 'E as folhas caídas no chão']"
154,14,154_sol_matheus_amado_,"['sol', 'matheus', 'amado', '', '', '', '', '', '', '']","['Sol', 'Sol', 'Sol']"
155,14,155_morrer_morre_morreu_prazer,"['morrer', 'morre', 'morreu', 'prazer', 'afogado', 'moer', 'come', 'plantou', 'preparado', 'fome']","['E só morrer de prazer', 'Quando eu morrer, coloquem em meu caixão', 'Cê vai querer morrer']"
156,14,156_antes_before_magoar_sinta,"['antes', 'before', 'magoar', 'sinta', 'trair', 'primeiros', 'it', 'início', 'sumir', 'aparecer']","['Mas antes de ir embora', 'Antes de ir embora', 'Antes da gente']"
157,14,157_odeia_ódio_odiar_odeio,"['odeia', 'ódio', 'odiar', 'odeio', 'puro', 'balanço', 'arrumou', 'costume', 'naquele', 'cara']","['Cuspa o ódio que os seus olhos têm de mim', 'Sou a pessoa que odeia, mas quer bem aí', 'Me odeia']"
158,14,158_história_existem_relatos_independente,"['história', 'existem', 'relatos', 'independente', 'guarda', 'escrever', 'atenção', 'novela', 'acredita', 'cena']","['Essa história é verídica', 'Invente uma história', 'É uma história que se complicou']"
159,14,159_receba_conta_cuida_contou,"['receba', 'conta', 'cuida', 'contou', 'palavra', 'diga', 'teve', 'fez', 'briga', 'falando']","['E conta pra ele o que você fez', 'Conta pra ele o que você fez', 'Por isso, receba essa palavra sobre você']"
160,14,160_chuveiro_banho_banheiro_aberta,"['chuveiro', 'banho', 'banheiro', 'aberta', 'ida', 'palco', 'embaixo', 'acalmar', 'escutando', 'tomando']","['O chuveiro já sabe que o vidro embaça', 'No chuveiro quente', 'Não disputar espaço no chuveiro']"
161,14,161_voar_voando_vim_asas,"['voar', 'voando', 'vim', 'asas', 'arrasta', 'valorizando', 'voei', 'aprendi', 'deixando', 'vento']","['E só depois me deixou voar', 'Cê me deixou voar', 'Eu vou deixar você voar']"
162,14,162_metade_defeito_cinquenta_metades,"['metade', 'defeito', 'cinquenta', 'metades', 'encontra', 'cento', 'basta', 'outra', 'ausência', 'encontro']","['Que é você a minha outra metade', 'Só metade do seu:', 'A metade é sua']"
163,14,163_alô_bom_doer_bebê,"['alô', 'bom', 'doer', 'bebê', 'prazer', 'consigo', 'dia', 'bem', 'muito', 'esquecer']","['Alô, alô, alô, fala comigo', 'Alô!', 'Alô porteiro']"
164,13,164_perigo_risco_sentar_gostam,"['perigo', 'risco', 'sentar', 'gostam', 'salvo', 'proteger', 'manter', 'sofre', 'bastante', 'entro']","['Traz o seu perigo', 'Elas gostam de sentar no perigo', 'Elas gosta de sentar no perigo']"
165,13,165_cá_viva_prova_rolê,"['cá', 'viva', 'prova', 'rolê', 'cachorro', 'somos', 'caso', 'mar', 'filhos', 'ex']","['Você de lá e eu de cá', 'E você de lá e eu de cá', 'Nesse caso, eu e você somos a prova viva']"
166,13,166_última_vez_juramos_passada,"['última', 'vez', 'juramos', 'passada', 'ligar', 'acontece', 'reparou', 'dê', 'último', 'tesão']","['É a última vez', 'Porque da última vez que te vi', 'E é a última vez que eu vou falar']"
167,13,167_desespero_decepção_transformar_palhaço,"['desespero', 'decepção', 'transformar', 'palhaço', 'couro', 'começo', 'canção', 'pessoas', 'combina', 'acontecer']","['Veio o desespero', 'Olha o meu desespero', 'É desespero']"
168,13,168_jogava_papel_joga_tocando,"['jogava', 'papel', 'joga', 'tocando', 'jogar', 'ar', 'ladrão', 'ansioso', 'playlist', 'time']","['Quando alguém pulava papel ele jogava', 'Quando alguém marchava papel ele jogava', 'Quando alguém corria papel ele jogava']"
169,13,169_casando_espírito_quadro_seguinte,"['casando', 'espírito', 'quadro', 'seguinte', 'amanhã', 'marchar', 'comprar', 'namoro', 'pular', 'menino']","['Amanhã na igreja quando alguém marchar', 'No dia seguinte na igreja o menino chegou', 'Agora o nosso quadro casando na igreja']"
170,13,170_muitas_resto_muito_tanto,"['muitas', 'resto', 'muito', 'tanto', 'grave', 'faz', 'lauana', 'bastante', 'feio', 'algo']","['E o resto tanto faz', 'E o resto tanto faz, tanto faz', 'Muitas, muitas, muitas vezes']"
171,13,171_liberdade_média_pego_consegui,"['liberdade', 'média', 'pego', 'consegui', 'minhas', 'tento', 'ando', 'sair', 'mala', 'passo']","['Cê só tá com vontade de ver minha liberdade dando ré', 'Tenho tanta liberdade', 'É, eu consegui a liberdade de poder chegar e sair']"
172,13,172_emburrada_contar_rindo_humor,"['emburrada', 'contar', 'rindo', 'humor', 'brincadeira', 'chata', 'why', 'acertou', 'chamava', 'can']","['I can feel their laughter, so why do', 'Com humor ou emburrada', 'Se eu contar piada pro seu pai, ele vai cair no riso(E aí?)Sua amiga mais chata vai falar que agora acertou']"
173,13,173_caipirinha_jet_rachando_ski,"['caipirinha', 'jet', 'rachando', 'ski', 'solzão', 'brenno', 'descendo', 'fernando', 'salvador', 'paulo']","['Não largo dessa viola, porque sou bom brasileiro', 'Solzão rachando, as caipirinha e jet-ski(Brasil) (vai descendo!)', 'Solzão rachando, as caipirinha e jet-ski(Brasil) (vai descendo!)Brenno (Brenno) e']"
174,13,174_lembro_nem_guardar_seguinte,"['lembro', 'nem', 'guardar', 'seguinte', 'stories', 'voei', 'recordar', 'lembrar', 'tirei', 'obrigado']","['Eu já nem lembro mais', 'Eu nem me lembro mais', 'Eu nem me lembro mais']"
175,12,175_diga_faltou_silêncio_orgulho,"['diga', 'faltou', 'silêncio', 'orgulho', 'pedido', 'promete', 'possível', 'coragem', 'dessa', 'melhor']","['Faltou coragem pra dizer que não', 'Diga não, não pro seu orgulho', 'Diga não, diga não, diga não']"
176,12,176_relação_relacionamento_nossa_explica,"['relação', 'relacionamento', 'nossa', 'explica', 'amizade', 'misturando', 'falha', 'satisfação', 'antigo', 'romance']","['Em uma relação', 'Será que alguém explica a nossa relação?', 'Será que alguém explica a nossa relação']"
177,12,177_caminhos_proibido_vagabundo_vossos,"['caminhos', 'proibido', 'vagabundo', 'vossos', 'marca', 'conheceu', 'virando', 'dizem', 'aceito', 'queira']","['Ó, que que cê fez comigo eu não sei, mas eu tô proibido de ser eu', 'Dizem que todo homem é vagabundo (é vagabundo)Eu não sou (eu não sou), eu não sou (eu não sou)Se existe alguém fiel nesse mundo', 'Nem os vossos caminhos são os meus caminhos, diz o senhor']"
178,12,178_sorte_disfarçada_serviço_verdadeiro,"['sorte', 'disfarçada', 'serviço', 'verdadeiro', 'meia', 'nossa', 'dessa', 'minha', 'pessoa', 'cara']","['Sorte a minha, sorte a nossa', 'Minha sorte é você existir', 'Você é a sorte e o sortudo sou eu']"
179,12,179_palavras_responde_infeliz_instante,"['palavras', 'responde', 'infeliz', 'instante', 'tantas', 'mil', 'nenhum', 'tentei', 'dizendo', 'entender']","['Já não me alcançam as palavras, não', 'Palavras artificiais', 'As palavras acabaram se enrolando']"
180,12,180_goiânia_dicen_fiz_tanto,"['goiânia', 'dicen', 'fiz', 'tanto', 'ou', 'um', '', '', '', '']","['Tanto fiz', 'Dicen', 'Goiânia?']"
181,12,181_doido___,"['doido', '', '', '', '', '', '', '', '', '']","['RSQ', 'O', 'Doido']"
182,11,182_calma_caramba_paz_confortável,"['calma', 'caramba', 'paz', 'confortável', 'achou', 'silêncio', 'pedindo', 'dói', 'vira', 'volta']","['Calma, amor', 'Calma!', 'A suspirada calma']"
183,11,183_calor_quente_necessito_gelado,"['calor', 'quente', 'necessito', 'gelado', 'clima', 'corpo', 'apagar', 'frio', 'momento', 'gosta']","['No calor de um momento', 'Só gosta do calor', 'Preciso do seu calor']"
184,11,184_dizendo_cismou_via_comentário,"['dizendo', 'cismou', 'via', 'comentário', 'contato', 'falava', 'bateu', 'diferente', 'peito', 'seu']","['Dizendo:', 'Dizendo:', 'Dizendo, em seu aboio:']"
185,11,185_passei_fiquei_doce_também,"['passei', 'fiquei', 'doce', 'também', 'gostei', 'superei', 'passageiro', 'peguei', 'trouxe', 'rapaz']","['Eu já peguei, gostei, fiquei', 'É que eu também passei', 'Também passei']"
186,11,186_cavalo_pasto_boi_poço,"['cavalo', 'pasto', 'boi', 'poço', 'retrato', 'ligeiro', 'pulando', 'pelo', 'marcha', 'chamei']","['Pelo meu cavalo', 'Meu cavalo é um colosso', 'Meu cavalo eu sarvei']"
187,11,187_escutar_escuta_escute_cansou,"['escutar', 'escuta', 'escute', 'cansou', 'ouvindo', 'antes', 'paciência', 'desligar', 'preparado', 'peço']","['Pra se entregar de novo, tem que escutar', 'Se você já cansou de escutar', 'Se você já cansou de escutar']"
188,11,188_desejo_acalma_único_calor,"['desejo', 'acalma', 'único', 'calor', 'acabar', 'meu', 'for', 'muito', 'também', 'teu']","['Eu desejo', 'Satisfiz o meu desejo', 'O meu desejo é imortal']"
189,11,189_lua_luan_eleison_,"['lua', 'luan', 'eleison', '', '', '', '', '', '', '']","['Lua', 'Lua', 'Lua']"
